"0","################## Сравнение категориальных переменных, для них используют метод ХИ-вадрат для любого количества наблюдений, для неболльшого количества можно использовать тест Фишера"
"0",""
"0","chisq_for_vars <- function(df, variables) {"
"0","  "
"0","  res <- lapply(variables, function(x){"
"0","    df %>% "
"0","      select(""10-летний риск развития ИБС"", x) %>%"
"0","      table() %>%"
"0","      chisq.test() %>%"
"0","      broom::tidy() %>%"
"0","      mutate(method = ""chisq"", simulate.p.value = TRUE) %>%"
"0","      select(""method"", ""statistic"", ""p.value"") %>%"
"0","      mutate(importance = ifelse(p.value >= 0.05, """","
"0","                                 ifelse(p.value >= 0.01, ""*"","
"0","                                        ifelse(p.value >= 0.001, ""**"", ""***""))))"
"0","  }) %>%"
"0","    bind_rows() %>%"
"0","    as.data.frame()"
"0","  "
"0","  rownames(res) <- variables"
"0","  "
"0","  return(res)"
"0","}"
"0",""
"0","cleaned_data %>% select(where(is.factor)) %>% names() -> vars"
"0",""
"0","chisq_for_vars(cleaned_data, vars)"
"2","Warning: Using an external vector in selections was deprecated in tidyselect 1.1.0.
Please use `all_of()` or `any_of()` instead.
# Was:
data %>% select(x)

# Now:
data %>% select(all_of(x))

See <https://tidyselect.r-lib.org/reference/faq-external-vector.html>."
"2","Warning: Chi-squared approximation may be incorrect"
