"0","#Все количнественные переменные"
"0","cleaned_data %>%"
"0","  select(where(is.numeric)) %>%"
"0","  names() -> num_vars"
"0",""
"0","cleaned_data %>%"
"0","  select(!where(is.numeric)) %>%"
"0","  names() -> cat_vars"
"0",""
"0","graphs_list_num <- lapply(num_vars,"
"0","                          function(x){"
"0","                            cleaned_data %>%"
"0","                              ggplot() +"
"0","                              geom_boxplot(aes(x = cleaned_data[[x]], y = `10-летний риск развития ИБС`),"
"0","                                          color = ""cornsilk2"", fill = ""dark violet"") +"
"0","                              theme_dark() +"
"0","                              ggtitle(x) +"
"0","                              xlab(""values"")"
"0","                          })"
"0","num_full_plot <- ggarrange(plotlist = graphs_list_num, nrow = 2)"
"2","Warning: [38;5;232mUse of `cleaned_data[[x]]` is discouraged.
[36mℹ[38;5;232m Use `.data[[x]]` instead.[39m"
"2","Warning: [38;5;232mUse of `cleaned_data[[x]]` is discouraged.
[36mℹ[38;5;232m Use `.data[[x]]` instead.[39m"
"2","Warning: [38;5;232mRemoved 29 rows containing non-finite values (`stat_boxplot()`).[39m"
"2","Warning: [38;5;232mUse of `cleaned_data[[x]]` is discouraged.
[36mℹ[38;5;232m Use `.data[[x]]` instead.[39m"
"2","Warning: [38;5;232mRemoved 50 rows containing non-finite values (`stat_boxplot()`).[39m"
"2","Warning: [38;5;232mUse of `cleaned_data[[x]]` is discouraged.
[36mℹ[38;5;232m Use `.data[[x]]` instead.[39m"
"2","Warning: [38;5;232mUse of `cleaned_data[[x]]` is discouraged.
[36mℹ[38;5;232m Use `.data[[x]]` instead.[39m"
"2","Warning: [38;5;232mUse of `cleaned_data[[x]]` is discouraged.
[36mℹ[38;5;232m Use `.data[[x]]` instead.[39m"
"2","Warning: [38;5;232mRemoved 19 rows containing non-finite values (`stat_boxplot()`).[39m"
"2","Warning: [38;5;232mUse of `cleaned_data[[x]]` is discouraged.
[36mℹ[38;5;232m Use `.data[[x]]` instead.[39m"
"2","Warning: [38;5;232mRemoved 1 rows containing non-finite values (`stat_boxplot()`).[39m"
"2","Warning: [38;5;232mUse of `cleaned_data[[x]]` is discouraged.
[36mℹ[38;5;232m Use `.data[[x]]` instead.[39m"
"2","Warning: [38;5;232mRemoved 388 rows containing non-finite values (`stat_boxplot()`).[39m"
"0","num_full_plot"
"1","$`1`
"
"1","
"
"1","$`2`
"
"1","
"
"1","$`3`
"
"1","
"
"1","$`4`
"
"1","
"
"1","attr(,""class"")"
"1","
"
"1","[1]"
"1"," ""list""     "
"1"," ""ggarrange"""
"1","
"
