"0",""
"0","########## Сравнение количественных данных"
"0","########## Для нормального распределения подойдет тест Стьюдента, для остальныз - тест Уилкоксона. Из проверок выше было выявлено, что все количественные переменные не распределеный согласно нормальному распределени, пожтому тест Уилкоксона"
"0",""
"0","wilcox.test(cleaned_data$`Возраст`[cleaned_data$`10-летний риск развития ИБС` == ""0""], cleaned_data$`Возраст`[cleaned_data$`10-летний риск развития ИБС` == ""1""]) -> wilcox_age"
"0","wilcox_age$p.value"
"1","[1]"
"1"," 1.165855e-47"
"1","
"
"0","wilcox.test(cleaned_data$`ЧСС`[cleaned_data$`10-летний риск развития ИБС` == ""0""], cleaned_data$`ЧСС`[cleaned_data$`10-летний риск развития ИБС` == ""1""]) -> wilcox_hr"
"0","wilcox_hr$p.value"
"1","[1]"
"1"," 0.2408313"
"1","
"
"0","wilcox.test(cleaned_data$`Количество сигарет в день`[cleaned_data$`10-летний риск развития ИБС` == ""0""], cleaned_data$`Количество сигарет в день`[cleaned_data$`10-летний риск развития ИБС` == ""1""]) -> wilcox_smoke"
"0","wilcox_smoke$p.value"
"1","[1]"
"1"," 0.004712885"
"1","
"
"0","wilcox.test(cleaned_data$`Общий холестерин`[cleaned_data$`10-летний риск развития ИБС` == ""0""], cleaned_data$`Общий холестерин`[cleaned_data$`10-летний риск развития ИБС` == ""1""]) -> wilcox_cholesterine"
"0","wilcox_cholesterine$p.value"
"1","[1]"
"1"," 2.435465e-07"
"1","
"
"0","wilcox.test(cleaned_data$`Систолическое давление`[cleaned_data$`10-летний риск развития ИБС` == ""0""], cleaned_data$`Систолическое давление`[cleaned_data$`10-летний риск развития ИБС` == ""1""]) -> wilcox_syst"
"0","wilcox_syst$p.value"
"1","[1]"
"1"," 9.824997e-37"
"1","
"
"0","wilcox.test(cleaned_data$`Диастолическое давление`[cleaned_data$`10-летний риск развития ИБС` == ""0""], cleaned_data$`Диастолическое давление`[cleaned_data$`10-летний риск развития ИБС` == ""1""]) -> wilcox_dia"
"0","wilcox_dia$p.value"
"1","[1]"
"1"," 1.005978e-17"
"1","
"
"0","wilcox.test(cleaned_data$`Индекс массы тела`[cleaned_data$`10-летний риск развития ИБС` == ""0""], cleaned_data$`Индекс массы тела`[cleaned_data$`10-летний риск развития ИБС` == ""1""]) -> wilcox_bmi"
"0","wilcox_bmi$p.value"
"1","[1]"
"1"," 1.769053e-06"
"1","
"
"0","wilcox.test(cleaned_data$Глюкоза[cleaned_data$`10-летний риск развития ИБС` == ""0""], cleaned_data$`Глюкоза`[cleaned_data$`10-летний риск развития ИБС` == ""1""]) -> wilcox_glucose"
"0","wilcox_glucose$p.value"
"1","[1]"
"1"," 0.0007498971"
"1","
"
