"0","#По 1 переменной с beeplots"
"0","cleaned_data %>%"
"0","  ggplot() +"
"0","  geom_boxplot(aes(x = `Систолическое давление`, y = `10-летний риск развития ИБС`),"
"0","               color = ""cornsilk2"", fill = ""dark violet"") +"
"0","  geom_beeswarm(aes(x = `Систолическое давление`, y = `10-летний риск развития ИБС`, alpha = 0,001, colour = 'green')) +"
"0","  theme_dark()"
"2","Warning: [38;5;232mIgnoring unknown aesthetics:[39m"
