"0",""
"0","###################### прописываем названия категориальных переменных"
"0","cleaned_data %>% "
"0","  select(!group_variable & where(is.factor)) %>%"
"0","  names -> cat_vars_names"
"2","Warning: Using an external vector in selections was deprecated in tidyselect 1.1.0.
Please use `all_of()` or `any_of()` instead.
# Was:
data %>% select(group_variable)

# Now:
data %>% select(all_of(group_variable))

See <https://tidyselect.r-lib.org/reference/faq-external-vector.html>."
"0","##############"
"0",""
"0","cat_table_several_vars <- function(catdata, cat_vars_names, group_variable) {"
"0","  "
"0","  cat_table_one_var <- function(variable, group_variable, catdata) {"
"0","    "
"0","    make_binom_multinom <- function(temp_data, abs_frequency = ""Абсолютная частота"") {"
"0","    "
"0","     if(sum(temp_data[[abs_frequency]]) == 0) {"
"0","      "
"0","      return(""Н/П*"")"
"0","      "
"0","    }"
"0","    "
"0","     if(length(temp_data[[abs_frequency]]) <= 2) {"
"0","      "
"0","       DescTools::BinomCI(temp_data[[abs_frequency]], sum(temp_data[[abs_frequency]]), conf.level = 0.95, method = ""clopper-pearson"", sides = ""two.sided"") %>%"
"0","         round(2) %>%"
"0","         as_tibble() %>%"
"0","         select(-est) %>%"
"0","         unite(""95% ДИ"", lwr.ci, upr.ci, sep = "", "")"
"0","        "
"0","      } else {"
"0","      "
"0","        DescTools::MultinomCI(temp_data[[abs_frequency]], conf.level = 0.95, method = ""sisonglaz"", sides = ""two.sided"") %>%"
"0","          round(2) %>%"
"0","          as_tibble() %>%"
"0","          select(-est) %>%"
"0","          unite(""95% ДИ"", lwr.ci, upr.ci, sep = "", "")"
"0","      "
"0","    }"
"0","     "
"0","}"
"0",""
"0",""
"0",""
"0","######### прописываем функцию для правильного теста для p"
"0","correct_test <- function(catdata, group_variable, variable) {"
"0","    "
"0","    catdata %>%"
"0","    select(all_of(c(group_variable, variable))) %>%"
"0","    table() -> matrix_data"
"0","    "
"0","    if((sum(rowSums(matrix_data) > 0) >= 2) & (sum(colSums(matrix_data) > 0) >= 2)) {"
"0","      "
"0","      if (any(matrix_data < 5)) {"
"0","        "
"0","        matrix_data %>%"
"0","        fisher.test(simulate.p.value = TRUE, B = 5000) %>% "
"0","        .$p.value %>%"
"0","        laconic_p() %>%"
"0","        paste0("" (f)"") %>%"
"0","        return()"
"0","        "
"0","      } else {"
"0","        "
"0","        matrix_data %>%"
"0","        chisq.test(simulate.p.value = TRUE, B = 5000) %>% "
"0","        .$p.value %>%"
"0","        laconic_p() %>%"
"0","        paste0("" (x^2)"") %>%"
"0","        return()"
"0","        "
"0","      }"
"0","  "
"0","    } else {"
"0","      "
"0","      return(""Н/П*"")"
"0","      "
"0","    }"
"0","    "
"0","}  "
"0","################"
"0","catdata %>%"
"0","  select(all_of(c(group_variable, variable))) %>%"
"0","  count(.data[[group_variable]], .data[[variable]], .drop = FALSE, name = ""Абсолютная частота"") %>%"
"0","  group_by(.data[[group_variable]]) %>%"
"0","  mutate(""Относительная частота"" = (`Абсолютная частота` / sum(`Абсолютная частота`)) %>% round(4) %>% `*`(100) %>% str_c(""%"")) %>%"
"0","  ungroup() -> temp_data"
"0","  "
"0","temp_data %>%"
"0","  split(~ temp_data[[group_variable]]) %>%"
"0","  map_dfr(function(catdata) make_binom_multinom(catdata, ""Абсолютная частота"")) %>%"
"0","  bind_cols(temp_data, .) %>%"
"0","  mutate(`p-value` = correct_test(catdata, group_variable, variable)) %>%"
"0","  rename(`Значение` = variable, `Группа` = group_variable)"
"0",""
"0"," }    "
"0",""
"0",""
"0","#################"
"0",""
"0","cat_vars_names %>%"
"0","  set_names() %>%"
"0","  map(function(variable) cat_table_one_var(variable, group_variable, catdata)) %>%"
"0","  enframe() %>%"
"0","  unnest(cols = value) %>%"
"0","  rename(`Показатель` = name)"
"0","}"
"0",""
