"0","read_csv(""framingham.csv"") -> data_raw"
"2","[1mRows: [22m[34m4238[39m [1mColumns: [22m[34m16[39m"
"2","[36m──[39m [1mColumn specification[22m [36m───────────────────────────────────────────────────────────────────────────────────────────────────────────────────────────────────────────────────────────────────────────────────────────────────────────────────────────────────────────────────[39m
[1mDelimiter:[22m "",""
[32mdbl[39m (16): male, age, education, currentSmoker, cigsPerDay, BPMeds, prevalentStroke, prevalentHyp, diabetes, totChol, sysBP, diaBP, BMI, heartRate, glucose, TenYearCHD"
"2","
[36mℹ[39m Use `spec()` to retrieve the full column specification for this data.
[36mℹ[39m Specify the column types or set `show_col_types = FALSE` to quiet this message."
