{"chunk_definitions":[{"row":20,"row_count":1,"visible":true,"expansion_state":0,"options":{"engine":"r","label":"setup","include":false},"document_id":"2F92E3AF","chunk_id":"csetup_chunk","chunk_label":"setup"},{"row":29,"row_count":1,"visible":true,"expansion_state":0,"options":{},"document_id":"2F92E3AF","chunk_id":"cqchevsqytme7","chunk_label":"unnamed-chunk-1"},{"row":37,"row_count":1,"visible":true,"expansion_state":0,"options":{},"document_id":"2F92E3AF","chunk_id":"cyo7qw8xgp2z8","chunk_label":"unnamed-chunk-2"},{"row":42,"row_count":1,"visible":true,"expansion_state":0,"options":{},"document_id":"2F92E3AF","chunk_id":"csyajls3tno1e","chunk_label":"unnamed-chunk-3"},{"row":55,"row_count":1,"visible":true,"expansion_state":0,"options":{},"document_id":"2F92E3AF","chunk_id":"c3dmw6yui2eep","chunk_label":"unnamed-chunk-4"},{"row":62,"row_count":1,"visible":true,"expansion_state":0,"options":{},"document_id":"2F92E3AF","chunk_id":"c2lh7dhh76tdf","chunk_label":"unnamed-chunk-5"},{"row":66,"row_count":1,"visible":true,"expansion_state":0,"options":{},"document_id":"2F92E3AF","chunk_id":"c0apfdzc8lrxv","chunk_label":"unnamed-chunk-6"},{"row":78,"row_count":1,"visible":true,"expansion_state":0,"options":{},"document_id":"2F92E3AF","chunk_id":"cwxotxlx4th0w","chunk_label":"unnamed-chunk-7"},{"row":83,"row_count":1,"visible":true,"expansion_state":0,"options":{},"document_id":"2F92E3AF","chunk_id":"crawpzp3qfxjc","chunk_label":"unnamed-chunk-8"},{"row":90,"row_count":1,"visible":true,"expansion_state":0,"options":{},"document_id":"2F92E3AF","chunk_id":"c1npwj223nkfd","chunk_label":"unnamed-chunk-9"},{"row":98,"row_count":1,"visible":true,"expansion_state":0,"options":{},"document_id":"2F92E3AF","chunk_id":"cnoxbnxplw2ip","chunk_label":"unnamed-chunk-10"},{"row":107,"row_count":1,"visible":true,"expansion_state":0,"options":{},"document_id":"2F92E3AF","chunk_id":"cibxf4xgkkl6u","chunk_label":"unnamed-chunk-11"},{"row":115,"row_count":1,"visible":true,"expansion_state":0,"options":{},"document_id":"2F92E3AF","chunk_id":"cp2h9wt6g2lcp","chunk_label":"unnamed-chunk-12"},{"row":124,"row_count":1,"visible":true,"expansion_state":0,"options":{},"document_id":"2F92E3AF","chunk_id":"cw4t5ju4hc5ck","chunk_label":"unnamed-chunk-13"},{"row":131,"row_count":1,"visible":true,"expansion_state":0,"options":{},"document_id":"2F92E3AF","chunk_id":"cjm9ha3mq262w","chunk_label":"unnamed-chunk-14"},{"row":137,"row_count":1,"visible":true,"expansion_state":0,"options":{},"document_id":"2F92E3AF","chunk_id":"cy438i6bxzgvm","chunk_label":"unnamed-chunk-15"},{"row":182,"row_count":1,"visible":true,"expansion_state":0,"options":{},"document_id":"2F92E3AF","chunk_id":"ccd8b5o6glr3t","chunk_label":"unnamed-chunk-16"},{"row":196,"row_count":1,"visible":true,"expansion_state":0,"options":{},"document_id":"2F92E3AF","chunk_id":"cvihxbbxy14qp","chunk_label":"unnamed-chunk-17"},{"row":219,"row_count":1,"visible":true,"expansion_state":0,"options":{},"document_id":"2F92E3AF","chunk_id":"c9mcbsim2kn4s","chunk_label":"unnamed-chunk-18"},{"row":227,"row_count":1,"visible":true,"expansion_state":0,"options":{},"document_id":"2F92E3AF","chunk_id":"c5979e2bi5opz","chunk_label":"unnamed-chunk-19"},{"row":337,"row_count":1,"visible":true,"expansion_state":0,"options":{},"document_id":"2F92E3AF","chunk_id":"c8rwkf1rcaypb","chunk_label":"unnamed-chunk-20"},{"row":354,"row_count":1,"visible":true,"expansion_state":0,"options":{},"document_id":"2F92E3AF","chunk_id":"ceqlz9zvzg1h0","chunk_label":"unnamed-chunk-21"},{"row":378,"row_count":1,"visible":true,"expansion_state":0,"options":{},"document_id":"2F92E3AF","chunk_id":"c1ds9y3soybwt","chunk_label":"unnamed-chunk-22"},{"row":389,"row_count":1,"visible":true,"expansion_state":0,"options":{},"document_id":"2F92E3AF","chunk_id":"cn4etfnfh4nh9","chunk_label":"unnamed-chunk-23"},{"row":418,"row_count":1,"visible":true,"expansion_state":0,"options":{},"document_id":"2F92E3AF","chunk_id":"cv3bhushpmwfa","chunk_label":"unnamed-chunk-24"},{"row":430,"row_count":1,"visible":true,"expansion_state":0,"options":{},"document_id":"2F92E3AF","chunk_id":"cy6zdzsiho69c","chunk_label":"unnamed-chunk-25"},{"row":447,"row_count":1,"visible":true,"expansion_state":0,"options":{},"document_id":"2F92E3AF","chunk_id":"cw0o8gkqoz4ab","chunk_label":"unnamed-chunk-26"},{"row":461,"row_count":1,"visible":true,"expansion_state":0,"options":{},"document_id":"2F92E3AF","chunk_id":"c6c8vw0py31e8","chunk_label":"unnamed-chunk-27"},{"row":477,"row_count":1,"visible":true,"expansion_state":0,"options":{},"document_id":"2F92E3AF","chunk_id":"cjsmwu2a5793m","chunk_label":"unnamed-chunk-28"},{"row":489,"row_count":1,"visible":true,"expansion_state":0,"options":{},"document_id":"2F92E3AF","chunk_id":"ciifadyprzysn","chunk_label":"unnamed-chunk-29"},{"row":497,"row_count":1,"visible":true,"expansion_state":0,"options":{},"document_id":"2F92E3AF","chunk_id":"cz40598hutc3g","chunk_label":"unnamed-chunk-30"},{"row":541,"row_count":1,"visible":true,"expansion_state":0,"options":{},"document_id":"2F92E3AF","chunk_id":"cg2i0viwbq4zx","chunk_label":"unnamed-chunk-31"},{"row":574,"row_count":1,"visible":true,"expansion_state":0,"options":{},"document_id":"2F92E3AF","chunk_id":"c4topbt1mhy9z","chunk_label":"unnamed-chunk-32"},{"row":586,"row_count":1,"visible":true,"expansion_state":0,"options":{},"document_id":"2F92E3AF","chunk_id":"c9msot6kxu3hs","chunk_label":"unnamed-chunk-33"},{"row":596,"row_count":1,"visible":true,"expansion_state":0,"options":{},"document_id":"2F92E3AF","chunk_id":"cezdfr939pa4j","chunk_label":"unnamed-chunk-34"}],"doc_write_time":1698525672,"working_dir":null,"default_chunk_options":{"echo":true}}