"0","cleaned_data %>%"
"0","  select(`10-летний риск развития ИБС`, where(is.numeric))  %>%"
"0","  group_by(`10-летний риск развития ИБС`) %>%"
"0","  summarize(across(where(is.numeric), statistics_list)) %>%"
"0","  mutate(across(everything(), as.character)) %>%"
"0","  pivot_longer(!`10-летний риск развития ИБС`) %>%"
"0","  separate(name, into = c(""Переменная"", ""Статистика""), sep = ""_"") %>%"
"0","  rename(`Значение` = value) %>%"
"0","  flextable() %>%"
"0","  theme_box() %>%"
"0","  merge_v(c(""10-летний риск развития ИБС"", ""Переменная""))"
