"0","statistics_list <- list("
"0","    "
"0","    `Количество значений` = ~length(.x),"
"0","    `Количество пропущенных значений` = ~sum(is.na(.x)),"
"0","    `Среднее значение` = ~ifelse(sum(!is.na(.x)) == 0, ""Н/П*"", mean(.x, na.rm = TRUE) %>% round(2) %>% as.numeric()),"
"0","    `Медиана` = ~ifelse(sum(!is.na(.x)) == 0, ""Н/П*"", median(.x, na.rm = TRUE) %>% round(2) %>% as.numeric()),"
"0","    `Стандартное отклонение` = ~ifelse(sum(!is.na(.x)) < 3, ""Н/П*"", sd(.x, na.rm = TRUE) %>% round(2) %>% as.numeric()),"
"0","    `Q1` = ~quantile(.x, 0.25, na.rm = TRUE),"
"0","    `Q3` = ~quantile(.x, 0.75, na.rm = TRUE),"
"0","    `Q1 - Q3` = ~ifelse(sum(!is.na(.x)) == 0, ""Н/П*"", paste0(quantile(.x, 0.25, na.rm = TRUE) %>% round(2), "" - "", quantile(.x, 0.75, na.rm = TRUE) %>% round(2)) %>% as.factor()),"
"0","    `Максимум` = ~max(.x, na.rm = TRUE),"
"0","    `Минимум` = ~min(.x, na.rm = TRUE),"
"0","    `95% ДИ для среднего` = ~sd(.x, na.rm = TRUE) %>% round(2) %>% as.numeric()"
"0","  )"
"0",""
